{
  "id": "3556506",
  "name": "网易严选",
  "font_family": "iconfont",
  "css_prefix_text": "icon-",
  "description": "",
  "glyphs": [
    {
      "icon_id": "958",
      "name": "上传",
      "font_class": "shangchuan",
      "unicode": "e608",
      "unicode_decimal": 58888
    },
    {
      "icon_id": "630342",
      "name": "向上4",
      "font_class": "xiangshang4",
      "unicode": "e795",
      "unicode_decimal": 59285
    },
    {
      "icon_id": "1301390",
      "name": "向下",
      "font_class": "xiangxia1",
      "unicode": "e667",
      "unicode_decimal": 58983
    },
    {
      "icon_id": "9317920",
      "name": "向下",
      "font_class": "xiangxia2",
      "unicode": "e820",
      "unicode_decimal": 59424
    },
    {
      "icon_id": "23023463",
      "name": "向下",
      "font_class": "xiangxia3",
      "unicode": "e612",
      "unicode_decimal": 58898
    },
    {
      "icon_id": "10056245",
      "name": "取消",
      "font_class": "quxiao",
      "unicode": "e709",
      "unicode_decimal": 59145
    },
    {
      "icon_id": "14732",
      "name": "向下",
      "font_class": "xiangxia",
      "unicode": "e606",
      "unicode_decimal": 58886
    },
    {
      "icon_id": "577315",
      "name": "减号",
      "font_class": "jianhao",
      "unicode": "e729",
      "unicode_decimal": 59177
    },
    {
      "icon_id": "629362",
      "name": "提示",
      "font_class": "tishi",
      "unicode": "e653",
      "unicode_decimal": 58963
    },
    {
      "icon_id": "5387527",
      "name": "加号",
      "font_class": "jiahao",
      "unicode": "eaf3",
      "unicode_decimal": 60147
    },
    {
      "icon_id": "577322",
      "name": "圆形未选中",
      "font_class": "yuanxingweixuanzhong",
      "unicode": "e72f",
      "unicode_decimal": 59183
    },
    {
      "icon_id": "577323",
      "name": "圆形选中-fill",
      "font_class": "yuanxingxuanzhongfill",
      "unicode": "e730",
      "unicode_decimal": 59184
    },
    {
      "icon_id": "77828",
      "name": "收藏",
      "font_class": "shoucang2",
      "unicode": "e602",
      "unicode_decimal": 58882
    },
    {
      "icon_id": "200845",
      "name": "3.1收藏",
      "font_class": "31shoucang",
      "unicode": "e603",
      "unicode_decimal": 58883
    },
    {
      "icon_id": "658040",
      "name": "收藏",
      "font_class": "shoucang3",
      "unicode": "e666",
      "unicode_decimal": 58982
    },
    {
      "icon_id": "1973178",
      "name": "收藏",
      "font_class": "star__easyico",
      "unicode": "e604",
      "unicode_decimal": 58884
    },
    {
      "icon_id": "3833182",
      "name": "收藏",
      "font_class": "shoucang4",
      "unicode": "e605",
      "unicode_decimal": 58885
    },
    {
      "icon_id": "5318188",
      "name": "收藏",
      "font_class": "shoucang5",
      "unicode": "e60d",
      "unicode_decimal": 58893
    },
    {
      "icon_id": "5387995",
      "name": "收藏_o",
      "font_class": "shoucang_o",
      "unicode": "ebae",
      "unicode_decimal": 60334
    },
    {
      "icon_id": "6776389",
      "name": "收藏",
      "font_class": "shoucang6",
      "unicode": "eca7",
      "unicode_decimal": 60583
    },
    {
      "icon_id": "4393",
      "name": "收藏",
      "font_class": "shoucang1",
      "unicode": "e601",
      "unicode_decimal": 58881
    },
    {
      "icon_id": "145710",
      "name": "加星收藏_填充",
      "font_class": "jiaxingshoucangtianchong",
      "unicode": "e683",
      "unicode_decimal": 59011
    },
    {
      "icon_id": "7947748",
      "name": "错误空心",
      "font_class": "cuowukongxin",
      "unicode": "ed1a",
      "unicode_decimal": 60698
    },
    {
      "icon_id": "10268526",
      "name": "QQ空间",
      "font_class": "QQkongjian",
      "unicode": "e674",
      "unicode_decimal": 58996
    },
    {
      "icon_id": "11372711",
      "name": "图片",
      "font_class": "tupian",
      "unicode": "e8ba",
      "unicode_decimal": 59578
    },
    {
      "icon_id": "11559854",
      "name": "复制链接 链接分享",
      "font_class": "fuzhilianjie",
      "unicode": "e65b",
      "unicode_decimal": 58971
    },
    {
      "icon_id": "15933094",
      "name": "微信",
      "font_class": "weixin",
      "unicode": "e607",
      "unicode_decimal": 58887
    },
    {
      "icon_id": "404882",
      "name": "群蜂新浪微博",
      "font_class": "qunfengxinlangweibo",
      "unicode": "e6e5",
      "unicode_decimal": 59109
    },
    {
      "icon_id": "1246329",
      "name": "分享_微信朋友圈",
      "font_class": "fenxiangweixinpengyouquan",
      "unicode": "e66a",
      "unicode_decimal": 58986
    },
    {
      "icon_id": "4937004",
      "name": "QQ-circle-fill",
      "font_class": "QQ-circle-fill",
      "unicode": "e887",
      "unicode_decimal": 59527
    },
    {
      "icon_id": "2076191",
      "name": "分享",
      "font_class": "fenxiang",
      "unicode": "e86e",
      "unicode_decimal": 59502
    },
    {
      "icon_id": "2674476",
      "name": "客服",
      "font_class": "kefu",
      "unicode": "e625",
      "unicode_decimal": 58917
    },
    {
      "icon_id": "5387613",
      "name": "向左",
      "font_class": "xiangzuo",
      "unicode": "eb15",
      "unicode_decimal": 60181
    },
    {
      "icon_id": "11372701",
      "name": "收藏",
      "font_class": "shoucang",
      "unicode": "e8b9",
      "unicode_decimal": 59577
    },
    {
      "icon_id": "10179",
      "name": "猫",
      "font_class": "mao",
      "unicode": "e600",
      "unicode_decimal": 58880
    },
    {
      "icon_id": "577341",
      "name": "购物车",
      "font_class": "gouwuche",
      "unicode": "e73d",
      "unicode_decimal": 59197
    },
    {
      "icon_id": "673799",
      "name": "首页",
      "font_class": "shouye",
      "unicode": "e6cb",
      "unicode_decimal": 59083
    },
    {
      "icon_id": "4320352",
      "name": "搜索",
      "font_class": "sousuo",
      "unicode": "e65a",
      "unicode_decimal": 58970
    },
    {
      "icon_id": "4733699",
      "name": "分类3",
      "font_class": "fenlei",
      "unicode": "e619",
      "unicode_decimal": 58905
    },
    {
      "icon_id": "6170861",
      "name": "个人",
      "font_class": "geren",
      "unicode": "e61c",
      "unicode_decimal": 58908
    },
    {
      "icon_id": "10515217",
      "name": "消息",
      "font_class": "xiaoxi",
      "unicode": "e646",
      "unicode_decimal": 58950
    },
    {
      "icon_id": "11079195",
      "name": "向右",
      "font_class": "xiangyou",
      "unicode": "e611",
      "unicode_decimal": 58897
    },
    {
      "icon_id": "11372685",
      "name": "扫一扫",
      "font_class": "saoyisao",
      "unicode": "e8b5",
      "unicode_decimal": 59573
    }
  ]
}
